id_paper,id_data,species,order,sex,genital/non-genital,organ/structure,morphological_measurement,environmental_condition,plasticity/robustness,author,title,year,journal,doi
4,1,Onthophagus taurus,Coleoptera,male,genital,aedeagus ,size,diet,robustness,Hu; Yonggang and Crabtree; Jordan R. and Macagno; Anna L. M. and Moczek; Armin P.,Histone deacetylases regulate organ-specific growth in a horned beetle,2024,EvoDevo,10.1186/s13227-024-00223-5
10,2,Gryllus lineaticeps,Orthoptera,female,non-genital,ovary ,mass,social environment,plasticity,Stahlschmidt; Zachary R. and Bui; Daniel and Chen; Jessica and Zhao; William,Availability of mates and food influence the plasticity in strategies mediating life-history tradeoffs in an insect,2024,OIKOS,10.1111/oik.10337
10,3,Gryllus lineaticeps,Orthoptera,female,non-genital,ovary ,mass,diet,plasticity,Stahlschmidt; Zachary R. and Bui; Daniel and Chen; Jessica and Zhao; William,Availability of mates and food influence the plasticity in strategies mediating life-history tradeoffs in an insect,2024,OIKOS,10.1111/oik.10337
11,4,Apis mellifera,Hymenoptera,female,non-genital,ovary ,size,caste,plasticity,Roth; Annika and Vleurinck; Christina and Netschitailo; Oksana and Bauer; Vivien and Otte; Marianne and Kaftanoglu; Osman and Page; Robert E. and Beye; Martin,A genetic switch for worker nutrition-mediated traits in honeybees,2019,PLOS BIOLOGY,10.1371/journal.pbio.3000171
12,5,Drosophila melanogaster,Diptera,male,non-genital,testicle,size,social environment,plasticity,Morimoto; Juliano and Barcellos; Renan and Schoborg; Todd A. and Nogueira; Liebert Parreiras and Colaco; Marcos Vinicius,Assessing Anatomical Changes in Male Reproductive Organs in Response to Larval Crowding Using Micro-computed Tomography Imaging,2022,NEOTROPICAL ENTOMOLOGY,10.1007/s13744-022-00976-5
12,6,Drosophila melanogaster,Diptera,male,genital,ejaculatory duct,size,social environment,plasticity,Morimoto; Juliano and Barcellos; Renan and Schoborg; Todd A. and Nogueira; Liebert Parreiras and Colaco; Marcos Vinicius,Assessing Anatomical Changes in Male Reproductive Organs in Response to Larval Crowding Using Micro-computed Tomography Imaging,2022,NEOTROPICAL ENTOMOLOGY,10.1007/s13744-022-00976-5
12,7,Drosophila melanogaster,Diptera,male,non-genital,accessory gland,size,social environment,plasticity,Morimoto; Juliano and Barcellos; Renan and Schoborg; Todd A. and Nogueira; Liebert Parreiras and Colaco; Marcos Vinicius,Assessing Anatomical Changes in Male Reproductive Organs in Response to Larval Crowding Using Micro-computed Tomography Imaging,2022,NEOTROPICAL ENTOMOLOGY,10.1007/s13744-022-00976-5
13,8,Drosophila suzukii,Diptera,male,non-genital,testicle,size,temperature,plasticity,Faria; Flavio Silva and Areal; Mariana and Bitner-Mathe; Blanche Christine,Thermal Stress and Adult Fitness in a <i>Drosophila suzukii</i> Neotropical Propagule,2023,NEOTROPICAL ENTOMOLOGY,10.1007/s13744-023-01075-9
13,9,Drosophila suzukii,Diptera,male,non-genital,accessory gland,size,temperature,robustness,Faria; Flavio Silva and Areal; Mariana and Bitner-Mathe; Blanche Christine,Thermal Stress and Adult Fitness in a <i>Drosophila suzukii</i> Neotropical Propagule,2023,NEOTROPICAL ENTOMOLOGY,10.1007/s13744-023-01075-9
15,10,Piezodorus guildinii,Hemiptera,female,non-genital,ovary ,developmental rate,seasonality,plasticity,Zerbino; Maria S. and Altier; Nora A. and Panizzi; Antonio R.,Seasonal occurrence of <i>Piezodorus guildinii</i> on different plants including morphological and physiological changes,2015,JOURNAL OF PEST SCIENCE,10.1007/s10340-014-0630-2
15,11,Piezodorus guildinii,Hemiptera,male,non-genital,testicle,developmental rate,seasonality,plasticity,Zerbino; Maria S. and Altier; Nora A. and Panizzi; Antonio R.,Seasonal occurrence of <i>Piezodorus guildinii</i> on different plants including morphological and physiological changes,2015,JOURNAL OF PEST SCIENCE,10.1007/s10340-014-0630-2
16,12,Acheta domesticus,Orthoptera,male,non-genital,testicle,mass,social environment,robustness,Pessman; Brandi J. and Rae; Rosaria J. and Wagner; Veronica and Mitra; Chandreyee,House cricket males reared at different perceived acoustic population densities differ in adult behaviour but not physiology,2024,ECOLOGICAL ENTOMOLOGY,10.1111/een.13354
16,13,Acheta domesticus,Orthoptera,male,non-genital,accessory gland,mass,social environment,robustness,Pessman; Brandi J. and Rae; Rosaria J. and Wagner; Veronica and Mitra; Chandreyee,House cricket males reared at different perceived acoustic population densities differ in adult behaviour but not physiology,2024,ECOLOGICAL ENTOMOLOGY,10.1111/een.13354
23,14,Onthophagus taurus,Coleoptera,male,genital,aedeagus ,size,trade-off with other traits,robustness,House; C. M. and Simmons; L. W.,The genetics of primary and secondary sexual character trade-offs in a horned beetle,2012,JOURNAL OF EVOLUTIONARY BIOLOGY,10.1111/j.1420-9101.2012.02559.x
27,15,Apis mellifera,Hymenoptera,female,non-genital,ovary ,size,nursery colony,plasticity,Linksvayer; Timothy A. and Rueppell; Olav and Siegel; Adam and Kaftanoglu; Osman and Page; Jr.; Robert E. and Amdam; Gro V.,The Genetic Basis of Transgressive Ovary Size in Honeybee Workers,2009,GENETICS,10.1534/genetics.109.105452
27,16,Apis mellifera,Hymenoptera,female,non-genital,ovary ,size,diet,plasticity,Linksvayer; Timothy A. and Rueppell; Olav and Siegel; Adam and Kaftanoglu; Osman and Page; Jr.; Robert E. and Amdam; Gro V.,The Genetic Basis of Transgressive Ovary Size in Honeybee Workers,2009,GENETICS,10.1534/genetics.109.105452
31,17,Onthophagus nigriventris,Coleoptera,male,genital,paramere,size,diet,robustness,Snell-Rood; Emilie C. and Moczek; Armin P.,Insulin Signaling as a Mechanism Underlying Developmental Plasticity: The Role of <i>FOXO</i> in a Nutritional Polyphenism,2012,PLOS ONE,10.1371/journal.pone.0034857
33,18,Apis mellifera,Hymenoptera,male,non-genital,seminal vesicle,size,caste,plasticity,Liu; Yi Bo and Yi; Yao and Abdelmawla; Amal and Zheng; Yun Lin and Zeng; Zhi Jiang and He; Xu Jiang,Female developmental environment delays development of male honeybee (<i>Apis mellifera</i>),2021,BMC GENOMICS,10.1186/s12864-021-08014-1
33,19,Apis mellifera,Hymenoptera,male,non-genital,testicle,size,caste,plasticity,Liu; Yi Bo and Yi; Yao and Abdelmawla; Amal and Zheng; Yun Lin and Zeng; Zhi Jiang and He; Xu Jiang,Female developmental environment delays development of male honeybee (<i>Apis mellifera</i>),2021,BMC GENOMICS,10.1186/s12864-021-08014-1
35,20,Aphis gossypii,Hemiptera,female,non-genital,ovary ,size,photoperiod ,plasticity,Ji Jichao and Huangfu Ningbo and Luo Junyu and Gao Xueke and Niu Lin and Zhang Shuai and Cui Jinjie,Insights into wing dimorphism in worldwide agricultural pest and host-alternating aphid <i>Aphis gossypii</i>,2021,JOURNAL OF COTTON RESEARCH,10.1186/s42397-021-00080-w
35,21,Aphis gossypii,Hemiptera,female,non-genital,ovary ,size,temperature,plasticity,Ji Jichao and Huangfu Ningbo and Luo Junyu and Gao Xueke and Niu Lin and Zhang Shuai and Cui Jinjie,Insights into wing dimorphism in worldwide agricultural pest and host-alternating aphid <i>Aphis gossypii</i>,2021,JOURNAL OF COTTON RESEARCH,10.1186/s42397-021-00080-w
38,22,Polistes dominula,Hymenoptera,male,non-genital,testicle,size,host identity,robustness,Beani; L. and Marchini; D. and Cappa; F. and Petrocelli; I. and Gottardo; M. and Manfredini; F. and Giusti; F. and Dallai; R.,"Subtle effect of <i>Xenos vesparum</i> (Xenidae, Strepsiptera) on the reproductive apparatus of its male host: Parasite or parasitoid?",2017,JOURNAL OF INSECT PHYSIOLOGY,10.1016/j.jinsphys.2017.06.010
38,23,Polistes dominula,Hymenoptera,male,non-genital,accessory gland,size,host identity,robustness,Beani; L. and Marchini; D. and Cappa; F. and Petrocelli; I. and Gottardo; M. and Manfredini; F. and Giusti; F. and Dallai; R.,"Subtle effect of <i>Xenos vesparum</i> (Xenidae, Strepsiptera) on the reproductive apparatus of its male host: Parasite or parasitoid?",2017,JOURNAL OF INSECT PHYSIOLOGY,10.1016/j.jinsphys.2017.06.010
38,24,Polistes dominula,Hymenoptera,male,non-genital,seminal vesicle,size,host identity,robustness,Beani; L. and Marchini; D. and Cappa; F. and Petrocelli; I. and Gottardo; M. and Manfredini; F. and Giusti; F. and Dallai; R.,"Subtle effect of <i>Xenos vesparum</i> (Xenidae, Strepsiptera) on the reproductive apparatus of its male host: Parasite or parasitoid?",2017,JOURNAL OF INSECT PHYSIOLOGY,10.1016/j.jinsphys.2017.06.010
40,25,Teleogryllus oceanicus,Orthoptera,male,non-genital,testicle,mass,diet,plasticity,Simmons; Leigh W. and Ng; Soon Hwee and Lovegrove; Maxine,Condition-dependent seminal fluid gene expression and intergenerational paternal effects on ejaculate quality,2022,FUNCTIONAL ECOLOGY,10.1111/1365-2435.13987
40,26,Teleogryllus oceanicus,Orthoptera,male,non-genital,accessory gland,mass,diet,plasticity,Simmons; Leigh W. and Ng; Soon Hwee and Lovegrove; Maxine,Condition-dependent seminal fluid gene expression and intergenerational paternal effects on ejaculate quality,2022,FUNCTIONAL ECOLOGY,10.1111/1365-2435.13987
42,27,Drosophila melanogaster,Diptera,female,non-genital,ovary ,size,diet,plasticity,Bath; Eleanor and Rostant; Wayne and Ostridge; Harrison J. and Smith; Sophie and Mason; Janet S. and Rafaluk-Mohr; Timm and Mank; Judith E. and Chapman; Tracey and Perry; Jennifer C.,Sexual selection and the evolution of condition-dependence: an experimental test at two resource levels,2023,EVOLUTION,10.1093/evolut/qpac066
43,28,Tribolium castaneum,Coleoptera,male,non-genital,accessory gland,size,diet,plasticity,Fedina; Tatyana Yu and Lewis; Sara M.,Proximal traits and mechanisms for biasing paternity in the red flour beetle <i>Tribolium castaneum</i> (Coleoptera: Tenebrionidae),2006,BEHAVIORAL ECOLOGY AND SOCIOBIOLOGY,10.1007/s00265-006-0228-7
44,29,Onthophagustaurus,Coleoptera,male,non-genital,testicle,mass,diet,plasticity,Knell; Robert J. and Simmons; Leigh W.,Mating tactics determine patterns of condition dependence in a dimorphic horned beetle,2010,PROCEEDINGS OF THE ROYAL SOCIETY B-BIOLOGICAL SCIENCES,10.1098/rspb.2010.0257
45,30,Telostylinus angusticollis,Diptera,male,non-genital,accessory gland,size,diet,plasticity,Macartney; Erin L. and Nicovich; Philip R. and Bonduriansky; Russell and Crean; Angela J.,Developmental diet irreversibly shapes male post-copulatory traits in the neriid fly <i>Telostylinus angusticollis</i>,2018,JOURNAL OF EVOLUTIONARY BIOLOGY,10.1111/jeb.13384
45,31,Telostylinus angusticollis,Diptera,male,non-genital,testicle,size,diet,plasticity,Macartney; Erin L. and Nicovich; Philip R. and Bonduriansky; Russell and Crean; Angela J.,Developmental diet irreversibly shapes male post-copulatory traits in the neriid fly <i>Telostylinus angusticollis</i>,2018,JOURNAL OF EVOLUTIONARY BIOLOGY,10.1111/jeb.13384
51,32,Tribolium castaneum,Coleoptera,male,non-genital,accessory gland,size,diet,plasticity,Xu; Jingjing and Anciro; Ashlee L. and Palli; Subba Reddy,Nutrition regulation of male accessory gland growth and maturation in <i>Tribolium</i> <i>castaneum</i>,2015,SCIENTIFIC REPORTS,10.1038/srep10567
52,33,Trypoxylus dichotomus,Coleoptera,male,genital,aedeagus ,size,diet,robustness,Johns; A. and Gotoh; H. and McCullough; E. L. and Emlen; D. J. and Lavine; L. C.,"Heightened Condition-Dependent Growth of Sexually Selected Weaponsin the Rhinoceros Beetle, <i>Trypoxylus dichotomus</i> (Coleoptera: Scarabaeidae)",2014,INTEGRATIVE AND COMPARATIVE BIOLOGY,10.1093/icb/icu041
54,34,Trypoxylus dichotomus,Coleoptera,male,genital,developing genitalia,-,diet,robustness,Zinna; Robert and Emlen; Douglas and Lavine; Laura C. and Johns; Annika and Gotoh; Hiroki and Niimi; Teruyuki and Dworkin; Ian,Sexual dimorphism and heightened conditional expression in a sexually selected weapon in the Asian rhinoceros beetle,2018,MOLECULAR ECOLOGY,10.1111/mec.14907
55,35,Callosobruchus maculatus,Coleoptera,female,genital,bursa copulatrix,size,diet,plasticity,Cayetano; L. and Bonduriansky; R.,Condition dependence of male and female genital structures in the seed beetle <i>Callosobruchus maculatus</i> (Coleoptera: Bruchidae),2015,JOURNAL OF EVOLUTIONARY BIOLOGY,10.1111/jeb.12659
55,36,Callosobruchus maculatus,Coleoptera,female,genital,copulatory tract,size,diet,robustness,Cayetano; L. and Bonduriansky; R.,Condition dependence of male and female genital structures in the seed beetle <i>Callosobruchus maculatus</i> (Coleoptera: Bruchidae),2015,JOURNAL OF EVOLUTIONARY BIOLOGY,10.1111/jeb.12659
55,37,Callosobruchus maculatus,Coleoptera,male,genital,aedeagus ,size,diet,robustness,Cayetano; L. and Bonduriansky; R.,Condition dependence of male and female genital structures in the seed beetle <i>Callosobruchus maculatus</i> (Coleoptera: Bruchidae),2015,JOURNAL OF EVOLUTIONARY BIOLOGY,10.1111/jeb.12659
55,38,Callosobruchus maculatus,Coleoptera,male,genital,paramere,size,diet,robustness,Cayetano; L. and Bonduriansky; R.,Condition dependence of male and female genital structures in the seed beetle <i>Callosobruchus maculatus</i> (Coleoptera: Bruchidae),2015,JOURNAL OF EVOLUTIONARY BIOLOGY,10.1111/jeb.12659
60,39,Enchenopa binotata ,Hemiptera,male,genital,aedeagus ,size,host identity,robustness,Rodriguez; Rafael L. and Al-Wathiqui; Nooria,Genotype x environment interaction is weaker in genitalia than in mating signals and body traits in Enchenopa treehoppers (Hemiptera: Membracidae),2011,GENETICA,10.1007/s10709-011-9591-z
63,40,Bactrocera tryoni ,Diptera,male,non-genital,testicle,size,diet,plasticity,Perez-Staples; Diana and Weldon; Christopher W. and Taylor; Phillip W.,Sex differences in developmental response to yeast hydrolysate supplements in adult Queensland fruit fly,2011,ENTOMOLOGIA EXPERIMENTALIS ET APPLICATA,10.1111/j.1570-7458.2011.01173.x
63,41,Bactrocera tryoni ,Diptera,male,non-genital,accessory gland,size,diet,plasticity,Perez-Staples; Diana and Weldon; Christopher W. and Taylor; Phillip W.,Sex differences in developmental response to yeast hydrolysate supplements in adult Queensland fruit fly,2011,ENTOMOLOGIA EXPERIMENTALIS ET APPLICATA,10.1111/j.1570-7458.2011.01173.x
63,42,Bactrocera tryoni ,Diptera,male,genital,ejaculatory duct,size,diet,plasticity,Perez-Staples; Diana and Weldon; Christopher W. and Taylor; Phillip W.,Sex differences in developmental response to yeast hydrolysate supplements in adult Queensland fruit fly,2011,ENTOMOLOGIA EXPERIMENTALIS ET APPLICATA,10.1111/j.1570-7458.2011.01173.x
63,43,Bactrocera tryoni ,Diptera,female,non-genital,ovary ,size,diet,plasticity,Perez-Staples; Diana and Weldon; Christopher W. and Taylor; Phillip W.,Sex differences in developmental response to yeast hydrolysate supplements in adult Queensland fruit fly,2011,ENTOMOLOGIA EXPERIMENTALIS ET APPLICATA,10.1111/j.1570-7458.2011.01173.x
69,44,Gnatocerus cornutus,Coleoptera,male,genital,aedeagus ,size,diet,robustness,House; Clarissa M. and Jensen; Kim and Rapkin; James and Lane; Sarah and Okada; Kensuke and Hosken; David J. and Hunt; John,Macronutrient balance mediates the growth of sexually selected weapons but not genitalia in male broad-horned beetles,2016,FUNCTIONAL ECOLOGY,10.1111/1365-2435.12567
73,45,Onthophagus taurus,Coleoptera,male,genital,endophallus,size,diet,robustness,House; C. M. and Simmons; L. W.,No evidence for condition-dependent expression of male genitalia in the dung beetle <i>Onthophagus taurus</i>,2007,JOURNAL OF EVOLUTIONARY BIOLOGY,10.1111/j.1420-9101.2007.01346.x
74,46,Scathophaga stercoraria,Diptera,female,genital,spermatheca,number ,temperature,plasticity,Berger; David and Bauerfeind; Stephanie Sandra and Blanckenhorn; Wolf Ulrich and Schaefer; Martin Andreas,High temperatures reveal cryptic genetic variation in a polymorphic female sperm storage organ,2011,EVOLUTION,10.1111/j.1558-5646.2011.01392.x
79,47,Graphoderus liberus,Coleoptera,male,genital,aedeagus ,size,diet,robustness,Schulte-Hostedde; Albrecht and Alarie; Yves,Morphological patterns of sexual selection in the diving beetle <i>Graphoderus liberus</i>,2006,EVOLUTIONARY ECOLOGY RESEARCH,NA
93,48,Teleogryllus oceanicus,Orthoptera,male,non-genital,accessory gland,mass,social environment,plasticity,Sloan; Nadia S. and Lovegrove; Maxine and Simmons; Leigh W.,Social manipulation of sperm competition intensity reduces seminal fluid gene expression,2018,BIOLOGY LETTERS,10.1098/rsbl.2017.0659
97,49,Drosophila melanogaster,Diptera,female,non-genital,ovary ,size,temperature,plasticity,Sarikaya; Didem Pelin and Belay; Abel A. and Ahuja; Abha and Dorta; Aisha and Green; II; Delbert Andre and Extavour; Cassandra G.,The roles of cell size and cell number in determining ovariole number in <i>Drosophila</i>,2012,DEVELOPMENTAL BIOLOGY,10.1016/j.ydbio.2011.12.017
97,50,Drosophila melanogaster,Diptera,female,non-genital,ovary ,size,diet,plasticity,Sarikaya; Didem Pelin and Belay; Abel A. and Ahuja; Abha and Dorta; Aisha and Green; II; Delbert Andre and Extavour; Cassandra G.,The roles of cell size and cell number in determining ovariole number in <i>Drosophila</i>,2012,DEVELOPMENTAL BIOLOGY,10.1016/j.ydbio.2011.12.017
98,51,Circellium bacchus,Coleoptera,male,non-genital,testicle,size,diet,plasticity,Reynolds; Chevonne and Byrne; Marcus J.,"Alternate Reproductive Tactics in an African Dung Beetle, <i>Circellium bacchus</i> (Scarabeidae)",2013,JOURNAL OF INSECT BEHAVIOR,10.1007/s10905-012-9365-1
102,52,Zootermopsis angusticollis,Blattodea,female,non-genital,ovary ,developmental rate,social environment,plasticity,Brent; Colin S. and Schal; Coby and Vargo; Edward L.,Endocrine effects of social stimuli on maturing queens of the dampwood termite <i>Zootermopsis angusticollis</i>,2007,PHYSIOLOGICAL ENTOMOLOGY,10.1111/j.1365-3032.2006.00536.x
106,53,Teleogryllus oceanicus,Orthoptera,male,non-genital,testicle,mass,noise,robustness,Bowen; Anne E. and Gurule-Small; Gabrielle A. and Tinghitella; Robin M.,Anthropogenic noise reduces male reproductive investment in an acoustically signaling insect,2020,BEHAVIORAL ECOLOGY AND SOCIOBIOLOGY,10.1007/s00265-020-02868-3
107,54,Leptoscelis tricolor,Hemiptera,male,non-genital,testicle,mass,host identity,plasticity,Somjee; Ummat and Allen; Pablo E. and Miller; Christine W.,"Different environments lead to a reversal in the expression of weapons and testes in the heliconia bug, <i>Leptoscelis tricolor</i> (Hemiptera: Coreidae)",2015,BIOLOGICAL JOURNAL OF THE LINNEAN SOCIETY,10.1111/bij.12544
107,55,Leptoscelis tricolor,Hemiptera,male,non-genital,testicle,mass,trade-off with other traits,plasticity,Somjee; Ummat and Allen; Pablo E. and Miller; Christine W.,"Different environments lead to a reversal in the expression of weapons and testes in the heliconia bug, <i>Leptoscelis tricolor</i> (Hemiptera: Coreidae)",2015,BIOLOGICAL JOURNAL OF THE LINNEAN SOCIETY,10.1111/bij.12544
110,56,Teia anartoides,Lepidoptera,male,non-genital,testicle,size,trade-off with other traits,robustness,Shiel; Brett P. and Sherman; Craig D. H. and Elgar; Mark A. and Johnson; Tamara L. and Symonds; Matthew R. E.,"Investment in sensory structures, testis size, and wing coloration in males of a diurnal moth species: trade-offs or correlated growth?",2015,ECOLOGY AND EVOLUTION,10.1002/ece3.1459
126,57,Polistes dominulus,Hymenoptera,female,non-genital,ovary ,developmental rate,diet,plasticity,Tibbetts; Elizabeth A. and Levy; Stephanie and Donajkowski; Kellie,Reproductive plasticity in <i>Polistes</i> paper wasp workers and the evolutionary origins of sociality,2011,JOURNAL OF INSECT PHYSIOLOGY,10.1016/j.jinsphys.2011.04.016
128,58,Narnia femorata,Hemiptera,male,non-genital,testicle,mass,trade-off with other traits,plasticity,Greenway; E. V(Ginny) and Angelis; Emily and Miller; Christine W.,How does the timing of weapon loss influence reproductive traits and trade-offs in the insect Narnia femorata?,2023,EVOLUTION,10.1093/evolut/qpad046
135,59,Scathophaga stercoraria,Diptera,female,genital,spermatheca,number ,temperature,plasticity,Walters; Richard J. and Berger; David and Blanckenhorn; Wolf U. and Bussiere; Luc F. and Rohner; Patrick T. and Jochmann; Ralf and Thueler; Karin and Schaefer; Martin A.,Growth rate mediates hidden developmental plasticity of female yellow dung fly reproductive morphology in response to environmental stressors,2022,EVOLUTION \& DEVELOPMENT,10.1111/ede.12396
135,60,Scathophaga stercoraria,Diptera,female,genital,spermatheca,number ,diet,plasticity,Walters; Richard J. and Berger; David and Blanckenhorn; Wolf U. and Bussiere; Luc F. and Rohner; Patrick T. and Jochmann; Ralf and Thueler; Karin and Schaefer; Martin A.,Growth rate mediates hidden developmental plasticity of female yellow dung fly reproductive morphology in response to environmental stressors,2022,EVOLUTION \& DEVELOPMENT,10.1111/ede.12396
135,61,Scathophaga stercoraria,Diptera,female,genital,spermatheca,number ,pesticide,plasticity,Walters; Richard J. and Berger; David and Blanckenhorn; Wolf U. and Bussiere; Luc F. and Rohner; Patrick T. and Jochmann; Ralf and Thueler; Karin and Schaefer; Martin A.,Growth rate mediates hidden developmental plasticity of female yellow dung fly reproductive morphology in response to environmental stressors,2022,EVOLUTION \& DEVELOPMENT,10.1111/ede.12396
139,62,Lethrus apterus,Coleoptera,male,non-genital,testicle,size,seasonality,plasticity,Kiss; Johanna and Radai; Zoltan and Rosa; Marta Erzsebet and Kosztolanyi; Andras and Barta; Zoltan,Seasonal changes in immune response and reproductive investment in a biparental beetle,2020,JOURNAL OF INSECT PHYSIOLOGY,10.1016/j.jinsphys.2019.104000
146,63,Culex pipiens,Diptera,female,non-genital,ovary ,developmental rate,seasonality,plasticity,Kim; M. and Sim; C. and Denlinger; D. L.,RNA interference directed against ribosomal protein S3a suggests a link between this gene and arrested ovarian development during adult diapause in <i>Culex pipiens</i>,2010,INSECT MOLECULAR BIOLOGY,10.1111/j.1365-2583.2009.00926.x
148,64,Ropalidia marginata,Hymenoptera,female,non-genital,ovary ,developmental rate,diet,plasticity,Shukla; Shantanu and Chandran; Swarnalatha and Gadagkar; Raghavendra,Ovarian developmental variation in the primitively eusocial wasp <i>Ropalidia marginata</i> suggests a gateway to worker ontogeny and the evolution of sociality,2013,JOURNAL OF EXPERIMENTAL BIOLOGY,10.1242/jeb.073148
151,65,Trichogramma euproctidis,Hymenoptera,female,genital,spermatheca,size,host identity,plasticity,Martel; Veronique and Darrouzet; Eric and Boiyin; Guy,Phenotypic plasticity in the reproductive traits of a parasitoid,2011,JOURNAL OF INSECT PHYSIOLOGY,10.1016/j.jinsphys.2011.01.018
151,66,Trichogramma euproctidis,Hymenoptera,male,non-genital,seminal vesicle,size,host identity,plasticity,Martel; Veronique and Darrouzet; Eric and Boiyin; Guy,Phenotypic plasticity in the reproductive traits of a parasitoid,2011,JOURNAL OF INSECT PHYSIOLOGY,10.1016/j.jinsphys.2011.01.018
152,67,Drosophila suzukii,Diptera,female,non-genital,ovary ,size,temperature,plasticity,Green; C. Kirk and Moore; Patricia J. and Sial; Ashfaq A.,Impact of heat stress on development and fertility of <i>Drosophila suzukii</i> Matsumura (Diptera: Drosophilidae),2019,JOURNAL OF INSECT PHYSIOLOGY,10.1016/j.jinsphys.2019.02.008
159,68,Scathophaga stercoraria,Diptera,female,non-genital,ovary ,size,temperature,plasticity,Blanckenhorn; WU and Henseler; C,Temperature-dependent ovariole and testis maturation in the yellow dung fly,2005,ENTOMOLOGIA EXPERIMENTALIS ET APPLICATA,10.1111/j.1570-7458.2005.00316.x
159,69,Scathophaga stercoraria,Diptera,male,non-genital,testicle,size,temperature,plasticity,Blanckenhorn; WU and Henseler; C,Temperature-dependent ovariole and testis maturation in the yellow dung fly,2005,ENTOMOLOGIA EXPERIMENTALIS ET APPLICATA,10.1111/j.1570-7458.2005.00316.x
162,70,Scatophaga stercoraria,Diptera,male,non-genital,testicle,size,social environment,plasticity,Stockley; P and Seal; NJ,Plasticity in reproductive effort of male dung flies (<i>Scatophaga stercoraria</i>) as a response to larval density,2001,FUNCTIONAL ECOLOGY,10.1046/j.1365-2435.2001.00496.x
166,71,Cyrtodiopsis dalmanni,Diptera,male,non-genital,testicle,size,trade-off with other traits,plasticity,Fry; CL,Juvenile hormone mediates a trade-off between primary and secondary sexual traits in stalk-eyed flies,2006,EVOLUTION \& DEVELOPMENT,10.1111/j.1525-142X.2006.00089.x
167,72,Myrmecina nipponica,Hymenoptera,female,non-genital,ovary ,size,temperature,plasticity,Miyazaki; Satoshi and Murakami; Takahiro and Kubo; Takuya and Azuma; Noriko and Higashi; Seigo and Miura; Toru,Ergatoid queen development in the ant <i>Myrmecina nipponica</i>: modular and heterochronic regulation of caste differentiation,2010,PROCEEDINGS OF THE ROYAL SOCIETY B-BIOLOGICAL SCIENCES,10.1098/rspb.2010.0142
169,73,Uraba lugens,Lepidoptera,male,non-genital,testicle,size,social environment,plasticity,Johnson; Tamara L. and Symonds; Matthew R. E. and Elgar; Mark A.,"Anticipatory flexibility: larval population density in moths determines male investment in antennae, wings and testes",2017,PROCEEDINGS OF THE ROYAL SOCIETY B-BIOLOGICAL SCIENCES,10.1098/rspb.2017.2087
170,74,Narnia femorata,Hemiptera,male,non-genital,testicle,mass,social environment,plasticity,Greenway; E. V. (Ginny) and Cirino; Lauren A. and Wilner; Daniela and Somjee; Ummat and Anagnostou; Maria-Eleni and Hepple; Russell T. and Miller; Christine W.,Extreme variation in testes size in an insect is linked to recent mating activity,2020,JOURNAL OF EVOLUTIONARY BIOLOGY,10.1111/jeb.13574
171,75,Bombus terrestris,Hymenoptera,female,non-genital,ovary ,developmental rate,caste,plasticity,Yagound; Boris and Blacher; Pierre and Chameron; Stephane and Chaline; Nicolas,Social Context and Reproductive Potential Affect Worker Reproductive Decisions in a Eusocial Insect,2012,PLOS ONE,10.1371/journal.pone.0052217
176,76,Megalopta genalis,Hymenoptera,female,non-genital,ovary ,size,geography,plasticity,Tierney; S. M. and Fischer; C. N. and Rehan; S. M. and Kapheim; K. M. and Wcislo; W. T.,"Frequency of social nesting in the sweat bee <i>Megalopta</i> <i>genalis</i> (Halictidae) does not vary across a rainfall gradient, despite disparity in brood production and body size",2013,INSECTES SOCIAUX,10.1007/s00040-012-0280-4
177,77,Tetragonula carbonaria,Hymenoptera,female,non-genital,ovary ,size,caste,robustness,Bueno; Francisco Garcia Bulle and Gloag; Rosalyn and Latty; Tanya and Ronai; Isobel,Irreversible sterility of workers and high-volume egg production by queens in the stingless bee <i>Tetragonula carbonaria</i>,2020,JOURNAL OF EXPERIMENTAL BIOLOGY,10.1242/jeb.230599
179,78,Plodia interpunctella,Lepidoptera,male,non-genital,testicle,size,social environment,plasticity,Gage; MJG,Continuous variation in reproductive strategy as an adaptive response to population-density in the moth plodia-interpunctella,1995,PROCEEDINGS OF THE ROYAL SOCIETY B-BIOLOGICAL SCIENCES,10.1098/rspb.1995.0112
184,79,Temnothorax longispinosus,Hymenoptera,female,non-genital,ovary ,size,caste ,plasticity,Feldmeyer; B. and Elsner; D. and Foitzik; S.,Gene expression patterns associated with caste and reproductive status in ants: worker-specific genes are more derived than queen-specific ones,2014,MOLECULAR ECOLOGY,10.1111/mec.12490
186,80,Apis mellifera,Hymenoptera,female,non-genital,ovary ,developmental rate,caste ,plasticity,Naeger; Nicholas L. and Peso; Marianne and Even; Naila and Barron; Andrew B. and Robinson; Gene E.,Altruistic Behavior by Egg-Laying Worker Honeybees,2013,CURRENT BIOLOGY,10.1016/j.cub.2013.06.045
188,81,Pararge aegeria,Lepidoptera,female,non-genital,ovary ,size,temperature,plasticity,Gibbs; Melanie and Van Dyck; Hans and Karlsson; Bengt,"Reproductive plasticity, ovarian dynamics and maternal effects in response to temperature and flight in <i>Pararge aegeria</i>",2010,JOURNAL OF INSECT PHYSIOLOGY,10.1016/j.jinsphys.2010.04.009
198,82,Eocanthecona furcellata,Hemiptera,female,non-genital,ovary ,developmental rate,temperature,plasticity,Zhu; Yongji and Wen; Jian and Luo; Qinglan and Kuang; Zhaolang and Chen; Kewei,Low-Temperature-Induced Winter Dormancy in a Predatory Stink Bug <i>Eocanthecona furcellata</i> (Wolff) in the Subtropics,2023,AGRONOMY-BASEL,10.3390/agronomy13102573
199,83,Jadera haematoloma,Hemiptera,female,non-genital,ovary ,-,diet,plasticity,Angelini; David R. and Steele; Joshua L. and Yorsz; Michael C. and O'Brien; Devin M.,Expression Analysis in a Dispersal-Fecundity Polyphenism Identifies Growth Regulators and Effectors,2022,INTEGRATIVE AND COMPARATIVE BIOLOGY,10.1093/icb/icac092
199,84,Jadera haematoloma,Hemiptera,male,non-genital,testicle,-,diet,plasticity,Angelini; David R. and Steele; Joshua L. and Yorsz; Michael C. and O'Brien; Devin M.,Expression Analysis in a Dispersal-Fecundity Polyphenism Identifies Growth Regulators and Effectors,2022,INTEGRATIVE AND COMPARATIVE BIOLOGY,10.1093/icb/icac092
200,85,Leptidea sinapis,Lepidoptera,male,genital,phallus,size,seasonality,plasticity,Fumi; Michele and Friberg; Magne,Consistent seasonal polyphenism in male genitalia of three <i>Leptidea</i> butterfly species (Lepidoptera: Pieridae),2019,BIOLOGICAL JOURNAL OF THE LINNEAN SOCIETY,10.1093/biolinnean/bly159
200,86,Leptidea sinapis,Lepidoptera,male,genital,phallus,shape,seasonality,plasticity,Fumi; Michele and Friberg; Magne,Consistent seasonal polyphenism in male genitalia of three <i>Leptidea</i> butterfly species (Lepidoptera: Pieridae),2019,BIOLOGICAL JOURNAL OF THE LINNEAN SOCIETY,10.1093/biolinnean/bly159
200,87,Leptidea sinapis,Lepidoptera,male,genital,saccus,size,seasonality,plasticity,Fumi; Michele and Friberg; Magne,Consistent seasonal polyphenism in male genitalia of three <i>Leptidea</i> butterfly species (Lepidoptera: Pieridae),2019,BIOLOGICAL JOURNAL OF THE LINNEAN SOCIETY,10.1093/biolinnean/bly159
200,88,Leptidea sinapis,Lepidoptera,male,genital,saccus,shape,seasonality,plasticity,Fumi; Michele and Friberg; Magne,Consistent seasonal polyphenism in male genitalia of three <i>Leptidea</i> butterfly species (Lepidoptera: Pieridae),2019,BIOLOGICAL JOURNAL OF THE LINNEAN SOCIETY,10.1093/biolinnean/bly159
204,89,Temnothorax rugatulus,Hymenoptera,female,non-genital,ovary ,size,caste ,plasticity,Choppin; Marina and Feldmeyer; Barbara and Foitzik; Susanne,Histone acetylation regulates the expression of genes involved in worker reproduction in the ant <i>Temnothorax rugatulus</i>,2021,BMC GENOMICS,10.1186/s12864-021-08196-8
206,90,Reticulitermes speratus,Blattodea,female,non-genital,ovary ,size,caste ,plasticity,Mitaka; Yuki and Tasaki; Eisuke and Nozaki; Tomonari and Fuchikawa; Taro and Kobayashi; Kazuya and Matsuura; Kenji,Transcriptomic analysis of epigenetic modification genes in the termite <i>Reticulitermes speratus</i>,2020,INSECT SCIENCE,10.1111/1744-7917.12640
206,91,Reticulitermes speratus,Blattodea,male,non-genital,testicle,size,caste ,plasticity,Mitaka; Yuki and Tasaki; Eisuke and Nozaki; Tomonari and Fuchikawa; Taro and Kobayashi; Kazuya and Matsuura; Kenji,Transcriptomic analysis of epigenetic modification genes in the termite <i>Reticulitermes speratus</i>,2020,INSECT SCIENCE,10.1111/1744-7917.12640
208,93,Melitaea athalia,Lepidoptera,male,genital,processus,shape,temperature,robustness,Juhasz; Edit and Vegvari; Zsolt and Toth; Janos P. and Pecsenye; Katalin and Varga; Zoltan,"Climate-induced changes in the phenotypic plasticity of the Heath Fritillary, <i>Melitaea</i> <i>athalia</i> (Lepidoptera: Nymphalidae)",2016,EUROPEAN JOURNAL OF ENTOMOLOGY,10.14411/eje.2016.013
208,94,Melitaea athalia,Lepidoptera,male,genital,aedeagus ,size,temperature,robustness,Juhasz; Edit and Vegvari; Zsolt and Toth; Janos P. and Pecsenye; Katalin and Varga; Zoltan,"Climate-induced changes in the phenotypic plasticity of the Heath Fritillary, <i>Melitaea</i> <i>athalia</i> (Lepidoptera: Nymphalidae)",2016,EUROPEAN JOURNAL OF ENTOMOLOGY,10.14411/eje.2016.013
211,95,Apis mellifera,Hymenoptera,female,non-genital,ovary ,size,social environment,plasticity,Han; Bin and Wei; Qiaohong and Amiri; Esmaeil and Hu; Han and Meng; Lifeng and Strand; Micheline K. and Tarpy; David R. and Xu; Shufa and Li; Jianke and Rueppell; Olav,The molecular basis of socially induced egg-size plasticity in honey bees,2022,ELIFE,10.7554/eLife.80499
215,96,Apis mellifera,Hymenoptera,female,non-genital,ovary ,size,caste ,plasticity,Thompson; Graham J. and Yockey; Heather and Lim; Julianne and Oldroyd; Benjamin P.,Experimental manipulation of ovary activation and gene expression in honey bee (<i>Apis mellifera</i>) queens and workers:: Testing hypotheses of reproductive regulation,2007,JOURNAL OF EXPERIMENTAL ZOOLOGY PART A-ECOLOGICAL AND INTEGRATIVE PHYSIOLOGY,10.1002/jez.415
217,97,Scathophaga stercoraria,Diptera,male,non-genital,testicle,size,temperature,plasticity,Hellriegel; B and Blanckenhorn; WU,Environmental influences on the gametic investment of yellow dung fly males,2002,EVOLUTIONARY ECOLOGY,10.1023/A:1020875021823
217,98,Scathophaga stercoraria,Diptera,male,non-genital,testicle,size,diet,robustness,Hellriegel; B and Blanckenhorn; WU,Environmental influences on the gametic investment of yellow dung fly males,2002,EVOLUTIONARY ECOLOGY,10.1023/A:1020875021823
219,99,Apis mellifera,Hymenoptera,female,non-genital,ovary ,size,caste ,plasticity,Capella; ICS and Hartfelder; K,Juvenile-hormone-dependent interaction of actin and spectrin is crucial for polymorphic differentiation of the larval honey bee ovary,2002,CELL AND TISSUE RESEARCH,10.1007/s00441-001-0490-y
220,100,Temnothorax rugatulus,Hymenoptera,female,non-genital,ovary ,size,caste ,plasticity,Seistrup; Ann-Sophie and Choppin; Marina and Govind; Shamitha and Feldmeyer; Barbara and Kever; Marion and Karaulanov; Emil and Seguret; Alice and Karunanithi; Sivarajan and Almeida; Miguel V. and Ketting; Rene F. and Foitzik; Susanne,Age- and caste-independent piRNAs in the germline and miRNA profiles linked to caste and fecundity in the ant Temnothorax rugatulus,2023,MOLECULAR ECOLOGY,10.1111/mec.17162
224,101,Jadera haematoloma,Hemiptera,male,non-genital,testicle,size,diet,robustness,Fawcett; Meghan M. and Parks; Mary C. and Tibbetts; Alice E. and Swart; Jane S. and Richards; Elizabeth M. and Vanegas; Juan Camilo and Cenzer; Meredith and Crowley; Laura and Simmons; William R. and Hou; Wenzhen Stacey and Angelini; David R.,Manipulation of insulin signaling phenocopies evolution of a host-associated polyphenism,2018,NATURE COMMUNICATIONS,10.1038/s41467-018-04102-1
224,102,Jadera haematoloma,Hemiptera,male,non-genital,accessory gland,size,diet,robustness,Fawcett; Meghan M. and Parks; Mary C. and Tibbetts; Alice E. and Swart; Jane S. and Richards; Elizabeth M. and Vanegas; Juan Camilo and Cenzer; Meredith and Crowley; Laura and Simmons; William R. and Hou; Wenzhen Stacey and Angelini; David R.,Manipulation of insulin signaling phenocopies evolution of a host-associated polyphenism,2018,NATURE COMMUNICATIONS,10.1038/s41467-018-04102-1
229,103,Apis mellifera,Hymenoptera,female,non-genital,ovary ,developmental rate,caste ,plasticity,Formesyn; Ellen M. and Cardoen; Dries and Ernst; Ulrich R. and Danneels; Ellen L. and Van Vaerenbergh; Matthias and De Koker; Dieter and Verleyen; Peter and Wenseleers; Tom and Schoofs; Liliane and de Graaf; Dirk C.,Reproduction of honeybee workers is regulated by epidermal growth factor receptor signaling,2014,GENERAL AND COMPARATIVE ENDOCRINOLOGY,10.1016/j.ygcen.2013.12.001
234,104,Bicyclus anynana,Lepidoptera,female,non-genital,ovary ,size,temperature,plasticity,Steigenga; Marc J. and Fischer; Klaus,"Ovarian dynamics, egg size, and egg number in relation to temperature and mating status in a butterfly",2007,ENTOMOLOGIA EXPERIMENTALIS ET APPLICATA,10.1111/j.1570-7458.2007.00610.x
236,105,Halyomorpha halys,Hemiptera,male,non-genital,testicle,developmental rate,photoperiod ,plasticity,Niva; CC and Takeda; M,"Effects of photoperiod, temperature and melatonin on nymphal development, polyphenism and reproduction in <i>Halyomorpha halys</i> (heteroptera: Pentatomidae)",2003,ZOOLOGICAL SCIENCE,10.2108/zsj.20.963
236,106,Halyomorpha halys,Hemiptera,male,non-genital,testicle,developmental rate,diet,plasticity,Niva; CC and Takeda; M,"Effects of photoperiod, temperature and melatonin on nymphal development, polyphenism and reproduction in <i>Halyomorpha halys</i> (heteroptera: Pentatomidae)",2003,ZOOLOGICAL SCIENCE,10.2108/zsj.20.963
238,107,Oncopeltus fasciatu,Coleoptera,female,non-genital,ovary ,size,diet,plasticity,Moore; Patricia J. and Attisano; Alfredo,Oosorption in response to poor food: complexity in the trade-off between reproduction and survival,2011,ECOLOGY AND EVOLUTION,10.1002/ece3.4
245,108,Apis mellifera,Hymenoptera,female,non-genital,ovary ,size,caste ,plasticity,Lago; Denyse Cavalcante and Humann; Fernanda Carvalho and Barchuk; Angel Roberto and Abraham; Kuruvilla Joseph and Hartfelder; Klaus,"Differential gene expression underlying ovarian phenotype determination in honey bee, <i>Apis mellifera</i> L., caste development",2016,INSECT BIOCHEMISTRY AND MOLECULAR BIOLOGY,10.1016/j.ibmb.2016.10.001
246,109,Apis mellifera,Hymenoptera,female,non-genital,ovary ,size,caste ,plasticity,Kuszewska; Karolina and Woyciechowski; Michal,"Reversion in honeybee, <i>Apis mellifera</i>, workers with different life expectancies",2013,ANIMAL BEHAVIOUR,10.1016/j.anbehav.2012.10.033
254,110,Orgyia thyellina,Lepidoptera,female,non-genital,ovary ,size,seasonality,plasticity,Uehara; Hiroshi and Senoh; Yukiko and Yoneda; Kyohei and Kato; Yoshiomi and Shiomi; Kunihiro,An FXPRLamide Neuropeptide Induces Seasonal Reproductive Polyphenism Underlying a Life-History Tradeoff in the Tussock Moth,2011,PLOS ONE,10.1371/journal.pone.0024213
256,111,Apis mellifera,Hymenoptera,female,non-genital,ovary ,size,diet,plasticity,Linksvayer; T. A. and Kaftanoglu; O. and Akyol; E. and Blatch; S. and Amdam; G. V. and Page; Jr.; R. E.,Larval and nurse worker control of developmental plasticity and the evolution of honey bee queen-worker dimorphism,2011,JOURNAL OF EVOLUTIONARY BIOLOGY,10.1111/j.1420-9101.2011.02331.x
261,112,Apis mellifera,Hymenoptera,female,non-genital,ovary ,size,caste,plasticity,Humann; Fernanda C. and Tiberio; Gustavo J. and Hartfelder; Klaus,Sequence and Expression Characteristics of Long Noncoding RNAs in Honey Bee Caste Development - Potential Novel Regulators for Transgressive Ovary Size,2013,PLOS ONE,10.1371/journal.pone.0078915
262,113,Drosophila melanogaster,Diptera,female,non-genital,ovary ,size,diet,plasticity,Hodin; J and Riddiford; LM,Different mechanisms underlie phenotypic plasticity and interspecific variation for a reproductive character in drosophilids (Insecta: Diptera),2000,EVOLUTION,NA
262,114,Drosophila melanogaster,Diptera,female,non-genital,ovary ,size,temperature,plasticity,Hodin; J and Riddiford; LM,Different mechanisms underlie phenotypic plasticity and interspecific variation for a reproductive character in drosophilids (Insecta: Diptera),2000,EVOLUTION,NA
263,115,Apis mellifera,Hymenoptera,female,non-genital,ovary ,size,caste ,plasticity,Sasaki; Ken and Harada; Mariko,Dopamine production in the brain is associated with caste-specific morphology and behavior in an artificial intermediate honey bee caste,2020,PLOS ONE,10.1371/journal.pone.0244140
263,116,Apis mellifera,Hymenoptera,female,genital,spermatheca,size,caste ,plasticity,Sasaki; Ken and Harada; Mariko,Dopamine production in the brain is associated with caste-specific morphology and behavior in an artificial intermediate honey bee caste,2020,PLOS ONE,10.1371/journal.pone.0244140
267,117,Apis mellifera,Hymenoptera,female,non-genital,ovary ,size,caste ,plasticity,Kilaso; Manlika and Chapman; Nadine C. and Remnant; Emily J. and Oldroyd; Benjamin P. and Chanchao; Chanpen,No evidence that DNA methylation is associated with the regulation of fertility in the adult honey bee <i>Apis mellifera</i> (Hymenoptera: Apidae) worker ovary,2017,AUSTRAL ENTOMOLOGY,10.1111/aen.12218
270,118,Apis mellifera,Hymenoptera,female,non-genital,ovary ,developmental rate,caste,plasticity,Ronai; Isobel and Barton; Deborah A. and Oldroyd; Benjamin P. and Vergoz; Vanina,Regulation of oogenesis in honey bee workers via programed cell death,2015,JOURNAL OF INSECT PHYSIOLOGY,10.1016/j.jinsphys.2015.06.014
271,119,Apis mellifera,Hymenoptera,female,non-genital,ovary ,size,caste ,plasticity,Guidugli; KR and Hepperle; C and Hartfelder; K,A member of the short-chain dehydrogenase/reductase (SDR) superfamily is a target of the ecdysone response in honey bee (<i>Apis mellifera</i>) caste development,2004,APIDOLOGIE,10.1051/apido:2003068
272,120,Xylocopa virginica,Hymenoptera,female,non-genital,ovary ,developmental rate,caste,plasticity,Vickruck; J. L. and Richards; M. H.,Linear dominance hierarchies and conditional reproductive strategies in a facultatively social carpenter bee,2018,INSECTES SOCIAUX,10.1007/s00040-018-0653-4
273,121,Aphis fabae,Hemiptera,female,non-genital,ovary ,mass,mutualism,plasticity,Stadler; B and Dixon; AFG,Costs of ant attendance for aphids,1998,JOURNAL OF ANIMAL ECOLOGY,10.1046/j.1365-2656.1998.00209.x
273,122,Aphis fabae,Hemiptera,male,non-genital,testicle,mass,mutualism,plasticity,Stadler; B and Dixon; AFG,Costs of ant attendance for aphids,1998,JOURNAL OF ANIMAL ECOLOGY,10.1046/j.1365-2656.1998.00209.x
274,123,Apis mellifera,Hymenoptera,female,non-genital,ovary ,size,caste,plasticity,de Azevedo; Sergio Vicente and Hartfelder; Klaus,The insulin signaling pathway in honey bee (<i>Apis mellifera</i>) caste development -: differential expression of insulin-like peptides and insulin receptors in queen and worker larvae,2008,JOURNAL OF INSECT PHYSIOLOGY,10.1016/j.jinsphys.2008.04.009
275,124,Apis mellifera,Hymenoptera,female,non-genital,ovary ,size,caste,plasticity,Matsuyama; Syuhei and Nagao; Takashi and Sasaki; Ken,Consumption of tyrosine in royal jelly increases brain levels of dopamine and tyramine and promotes transition from normal to reproductive workers in queenless honey bee colonies,2015,GENERAL AND COMPARATIVE ENDOCRINOLOGY,10.1016/j.ygcen.2014.11.005
276,125,Apis mellifera,Hymenoptera,female,genital,spermatheca,size,caste,plasticity,Allsopp; MH and Calis; JNM and Boot; WJ,"Differential feeding of worker larvae affects caste characters in the Cape honeybee, <i>Apis mellifera capensis</i>",2003,BEHAVIORAL ECOLOGY AND SOCIOBIOLOGY,10.1007/s00265-003-0666-4
278,126,Paracentrobia subflava,Hymenoptera,female,genital,ovipositor ,size,host identity,plasticity,Torres-Moreno; Rosaura and Victor; Javier and Moya-Raygoza; Gustavo,Morphological variation of the parasitic wasp<i> Paracentrobia</i><i> subflava</i> (Hymenoptera: Trichogrammatidae) emerged from different,2021,ZOOLOGISCHER ANZEIGER,10.1016/j.jcz.2021.07.007
278,127,Paracentrobia subflava,Hymenoptera,male,genital,aedeagus ,shape,host identity,robustness,Torres-Moreno; Rosaura and Victor; Javier and Moya-Raygoza; Gustavo,Morphological variation of the parasitic wasp<i> Paracentrobia</i><i> subflava</i> (Hymenoptera: Trichogrammatidae) emerged from different,2021,ZOOLOGISCHER ANZEIGER,10.1016/j.jcz.2021.07.007
290,128,Ephestia kuehniella,Lepidoptera,male,genital,aedeagus ,size,social environment,robustness,Bhavanam; Santhi and Trewick; Steven,"Effects of larval crowding and nutrient limitation on male phenotype, reproductive investment and strategy in <i>Ephestia kuehniella</i> Zeller (Insecta: Lepidoptera)",2017,JOURNAL OF STORED PRODUCTS RESEARCH,10.1016/j.jspr.2017.01.004
301,129,Apis mellifera,Hymenoptera,female,non-genital,ovary ,size,caste,plasticity,Yi; Yao and He; Xu Jiang and Barron; Andrew B. and Liu; Yi Bo and Wang; Zi Long and Yan; Wei Yu and Zeng; Zhi Jiang,Transgenerational accumulation of methylome changes discovered in commercially reared honey bee (<i>Apis mellifera</i>) queens,2020,INSECT BIOCHEMISTRY AND MOLECULAR BIOLOGY,10.1016/j.ibmb.2020.103476
309,130,Drosophila mediopunctata,Diptera,male,genital,aedeagus ,size ,temperature,plasticity,Andrade; CAC and Hatadani; LM and Klaczko; LB,Phenotypic plasticity of the aedeagus of <i>Drosophila mediopunctata</i>:: Effect of the temperature,2005,JOURNAL OF THERMAL BIOLOGY,10.1016/j.jtherbio.2005.05.011
309,131,Drosophila mediopunctata,Diptera,male,genital,aedeagus ,shape,temperature,plasticity,Andrade; CAC and Hatadani; LM and Klaczko; LB,Phenotypic plasticity of the aedeagus of <i>Drosophila mediopunctata</i>:: Effect of the temperature,2005,JOURNAL OF THERMAL BIOLOGY,10.1016/j.jtherbio.2005.05.011
311,132,Zaprionus indianus,Diptera,female,non-genital,ovary ,developmental rate,temperature,plasticity,Lavagnino; N. J. and Fanara; J. J. and Mensch; J.,Comparison of overwintering survival and fertility of <i>Zaprionus indianus</i> (Diptera: Drosophilidae) flies from native and invaded ranges,2020,JOURNAL OF THERMAL BIOLOGY,10.1016/j.jtherbio.2019.102470
311,133,Zaprionus indianus,Diptera,female,non-genital,ovary ,developmental rate,photoperiod ,plasticity,Lavagnino; N. J. and Fanara; J. J. and Mensch; J.,Comparison of overwintering survival and fertility of <i>Zaprionus indianus</i> (Diptera: Drosophilidae) flies from native and invaded ranges,2020,JOURNAL OF THERMAL BIOLOGY,10.1016/j.jtherbio.2019.102470
312,134,Proagoderus watanabei,Coleoptera,male,non-genital,testicle,mass,social environment,plasticity,Parrett; J. M. and Slade; E. M. and Knell; R. J.,"Morph-specific investment in testes mass in a trimorphic beetle, Proagoderus watanabei",2022,JOURNAL OF ZOOLOGY,10.1111/jzo.12941
314,135,Onthophagus nigriventris,Coleoptera,male,non-genital,testicle,size ,trade-off with other traits,plasticity,Simmons; Leigh W. and Emlen; Douglas J.,Evolutionary trade-off between weapons and testes,2006,PROCEEDINGS OF THE NATIONAL ACADEMY OF SCIENCES OF THE UNITED STATES OF AMERICA,10.1073/pnas.0603474103
315,136,Apis mellifera,Hymenoptera,female,non-genital,ovary ,size,caste,plasticity,He; Hao Xu Jiang and Liao; Chun Hua and Wu; Xiao Bo and Jiang; Wu Jun and Zhang; Bo and Zhou; Lin Bin and Zhang; Li Zhen and Barron; Andrew B. and Zeng; Zhi Jiang,A Maternal Effect on Queen Production in Honeybees,2019,CURRENT BIOLOGY,10.1016/j.cub.2019.05.059
324,137,Apis mellifera,Hymenoptera,female,non-genital,ovary ,developmental rate,caste,plasticity,Koywiwattrakul; Preeyada and Sittipraneed; Siriporn,"Expression of Vitellogenin and Transferrin in Activated Ovaries of Worker Honey Bees, <i>Apis mellifera</i>",2009,BIOCHEMICAL GENETICS,10.1007/s10528-008-9202-6
326,138,Apis mellifera,Hymenoptera,female,non-genital,ovary ,size,caste,plasticity,Thompson; G. J. and Kucharski; R. and Maleszka; R. and Oldroyd; B. P.,Towards a molecular definition of worker sterility: differential gene expression and reproductive plasticity in honey bees,2006,INSECT MOLECULAR BIOLOGY,NA
330,139,Drosophila suzukii,Diptera,female,genital,ovipositor ,size,temperature,plasticity,Clemente; Maria and Fusco; Giuseppe and Tonina; Lorenzo and Giomi; Folco,Temperature-induced phenotypic plasticity in the ovipositor of the invasive species <i>Drosophila suzukii</i>,2018,JOURNAL OF THERMAL BIOLOGY,10.1016/j.jtherbio.2018.05.001
330,140,Drosophila suzukii,Diptera,female,genital,ovipositor ,shape,temperature,plasticity,Clemente; Maria and Fusco; Giuseppe and Tonina; Lorenzo and Giomi; Folco,Temperature-induced phenotypic plasticity in the ovipositor of the invasive species <i>Drosophila suzukii</i>,2018,JOURNAL OF THERMAL BIOLOGY,10.1016/j.jtherbio.2018.05.001
333,141,Apis mellifera,Hymenoptera,female,non-genital,ovary ,size,caste ,plasticity,Dallacqua; Rodrigo Pires and Gentile Bitondi; Marcia Maria,Dimorphic Ovary Differentiation in Honeybee (<i>Apis mellifera</i>) Larvae Involves Caste-Specific Expression of Homologs of <i>Ark</i> and <i>Buffy</i> Cell Death Genes,2014,PLOS ONE,10.1371/journal.pone.0098088
334,142,Thorectes lusitanicus,Coleoptera,female,non-genital,ovary ,size,diet,plasticity,Verdu; Jose R. and Casas; Jose L. and Lobo; Jorge M. and Numa; Catherine,Dung Beetles Eat Acorns to Increase Their Ovarian Development and Thermal Tolerance,2010,PLOS ONE,10.1371/journal.pone.0010114
334,143,Thorectes lusitanicus,Coleoptera,female,non-genital,ovary ,mass,diet,plasticity,Verdu; Jose R. and Casas; Jose L. and Lobo; Jorge M. and Numa; Catherine,Dung Beetles Eat Acorns to Increase Their Ovarian Development and Thermal Tolerance,2010,PLOS ONE,10.1371/journal.pone.0010114
334,144,Thorectes lusitanicus,Coleoptera,female,non-genital,ovary ,developmental rate,diet,plasticity,Verdu; Jose R. and Casas; Jose L. and Lobo; Jorge M. and Numa; Catherine,Dung Beetles Eat Acorns to Increase Their Ovarian Development and Thermal Tolerance,2010,PLOS ONE,10.1371/journal.pone.0010114
338,145,Colaphellus bowringi,Coleoptera,female,non-genital,ovary ,developmental rate,photoperiod ,plasticity,Guo; Shuang and Tian; Zhong and Wu; Qing-Wen and King-Jones; Kirst and Liu; Wen and Zhu; Fen and Wang; Xiao-Ping,Steroid hormone ecdysone deficiency stimulates preparation for photoperiodic reproductive diapause,2021,PLOS GENETICS,10.1371/journal.pgen.1009352
340,146,Enchenopa binotata ,Hemiptera,male,genital,aedeagus ,size,host identity,robustness,Rodriguez; Rafael L. and Al-Wathiqui; Nooria,"Genotype x environment interaction in the allometry of body, genitalia and signal traits in <i>Enchenopa</i> treehoppers (Hemiptera: Membracidae)",2012,BIOLOGICAL JOURNAL OF THE LINNEAN SOCIETY,10.1111/j.1095-8312.2011.01783.x
340,147,Enchenopa binotata ,Hemiptera,male,genital,stylus,size,host identity,robustness,Rodriguez; Rafael L. and Al-Wathiqui; Nooria,"Genotype x environment interaction in the allometry of body, genitalia and signal traits in <i>Enchenopa</i> treehoppers (Hemiptera: Membracidae)",2012,BIOLOGICAL JOURNAL OF THE LINNEAN SOCIETY,10.1111/j.1095-8312.2011.01783.x
343,148,Apis mellifera,Hymenoptera,female,non-genital,ovary ,size,caste,plasticity,Zhang; Yong and He; Xu Jiang and Barron; Andrew B. and Li; Zhen and Jin; Meng Jie and Wang; Zi Long and Huang; Qiang and Zhang; Li Zhen and Wu; Xiao Bo and Yan; Wei Yu and Zeng; Zhi Jiang,The diverging epigenomic landscapes of honeybee queens and workers revealed by multiomic sequencing,2023,INSECT BIOCHEMISTRY AND MOLECULAR BIOLOGY,10.1016/j.ibmb.2023.103929
345,149,Drosophila gouveai,Diptera,male,genital,aedeagus ,size,host identity,plasticity,Soto; I. M. and Manfrin; M. H. and Hasson; E.,"Host-dependent phenotypic plasticity of aedeagus morphology in a pair of cactophilic sibling <i>Drosophila</i> species of the <i>repleta</i> group (Diptera, Drosophilidae)",2008,JOURNAL OF ZOOLOGICAL SYSTEMATICS AND EVOLUTIONARY RESEARCH,10.1111/j.1439-0469.2008.00467.x
345,150,Drosophila gouveai,Diptera,male,genital,aedeagus ,shape,host identity,plasticity,Soto; I. M. and Manfrin; M. H. and Hasson; E.,"Host-dependent phenotypic plasticity of aedeagus morphology in a pair of cactophilic sibling <i>Drosophila</i> species of the <i>repleta</i> group (Diptera, Drosophilidae)",2008,JOURNAL OF ZOOLOGICAL SYSTEMATICS AND EVOLUTIONARY RESEARCH,10.1111/j.1439-0469.2008.00467.x
345,151,Drosophila antonietae,Diptera,male,genital,aedeagus ,size,host identity,plasticity,Soto; I. M. and Manfrin; M. H. and Hasson; E.,"Host-dependent phenotypic plasticity of aedeagus morphology in a pair of cactophilic sibling <i>Drosophila</i> species of the <i>repleta</i> group (Diptera, Drosophilidae)",2008,JOURNAL OF ZOOLOGICAL SYSTEMATICS AND EVOLUTIONARY RESEARCH,10.1111/j.1439-0469.2008.00467.x
345,152,Drosophila antonietae,Diptera,male,genital,aedeagus ,shape,host identity,plasticity,Soto; I. M. and Manfrin; M. H. and Hasson; E.,"Host-dependent phenotypic plasticity of aedeagus morphology in a pair of cactophilic sibling <i>Drosophila</i> species of the <i>repleta</i> group (Diptera, Drosophilidae)",2008,JOURNAL OF ZOOLOGICAL SYSTEMATICS AND EVOLUTIONARY RESEARCH,10.1111/j.1439-0469.2008.00467.x
347,153,Diachasma alloeum,Hymenoptera,female,genital,ovipositor ,size,host identity,plasticity,Hamerlinck; Gabriela and Lemoine; Nathan P. and Hood; Glen R. and Abbott; Karen C. and Forbes; Andrew A.,Meek mothers with powerful daughters: effects of novel host environments and small trait differences on parasitoid competition,2016,OIKOS,10.1111/oik.02701
350,154,Drosophila gouveai,Diptera,male,genital,aedeagus ,size,host identity,plasticity,Soto; I. M. and Soto; E. M. and Corio; C. and Carreira; V. P. and Manfrin; M. and Hasson; E.,Male Genital and Wing Morphology in the Cactophilic Sibling Species <i>Drosophila gouveai</i> and <i>Drosophila antonietae</i> and Their Hybrids Reared in Different Host Plants,2010,ENVIRONMENTAL ENTOMOLOGY,10.1603/EN09300
350,155,Drosophila gouveai,Diptera,male,genital,aedeagus ,shape,host identity,plasticity,Soto; I. M. and Soto; E. M. and Corio; C. and Carreira; V. P. and Manfrin; M. and Hasson; E.,Male Genital and Wing Morphology in the Cactophilic Sibling Species <i>Drosophila gouveai</i> and <i>Drosophila antonietae</i> and Their Hybrids Reared in Different Host Plants,2010,ENVIRONMENTAL ENTOMOLOGY,10.1603/EN09300
350,156,Drosophila antonietae,Diptera,male,genital,aedeagus ,size,host identity,plasticity,Soto; I. M. and Soto; E. M. and Corio; C. and Carreira; V. P. and Manfrin; M. and Hasson; E.,Male Genital and Wing Morphology in the Cactophilic Sibling Species <i>Drosophila gouveai</i> and <i>Drosophila antonietae</i> and Their Hybrids Reared in Different Host Plants,2010,ENVIRONMENTAL ENTOMOLOGY,10.1603/EN09300
350,157,Drosophila antonietae,Diptera,male,genital,aedeagus ,shape,host identity,plasticity,Soto; I. M. and Soto; E. M. and Corio; C. and Carreira; V. P. and Manfrin; M. and Hasson; E.,Male Genital and Wing Morphology in the Cactophilic Sibling Species <i>Drosophila gouveai</i> and <i>Drosophila antonietae</i> and Their Hybrids Reared in Different Host Plants,2010,ENVIRONMENTAL ENTOMOLOGY,10.1603/EN09300
353,158,Callosobruchus maculatus,Coleoptera,female,genital,bursa copulatrix,size,temperature,plasticity,Farrow; Rachel A. and Deeming; D. Charles and Eady; Paul E.,Male and female developmental temperature modulate post-copulatory interactions in a beetle,2022,JOURNAL OF THERMAL BIOLOGY,10.1016/j.jtherbio.2021.103155
358,159,Callosobruchus maculatus,Coleoptera,male,non-genital,testicle,size ,temperature,plasticity,Vasudeva; R. and Deeming; D. C. and Eady; P. E.,Age-specific sensitivity of sperm length and testes size to developmental temperature in the bruchid beetle,2021,JOURNAL OF ZOOLOGY,10.1111/jzo.12884
359,160,Hypolimnas bolina,Lepidoptera,female,non-genital,ovary ,developmental rate,photoperiod ,plasticity,Kemp; DJ,The basis of life-history plasticity in the tropical butterfly <i>Hypolimnas</i> <i>bolina</i> (L.) (Lepidoptera: Nymphalidae),2000,AUSTRALIAN JOURNAL OF ZOOLOGY,10.1071/ZO99062
360,161,Zootermopsis angusticollis,Blattodea,female,non-genital,ovary ,size ,caste,plasticity,Brent; Colin S. and Traniello; James F. A. and Varco; Edward I.,Benefits and costs of secondary polygyny in the dampwood termite <i>Zootermopsis angusticollis</i>,2008,ENVIRONMENTAL ENTOMOLOGY,10.1603/0046-225X(2008)37{[}883:BACOSP]2.0.CO;2
366,162,Callosobruchus maculatus,Coleoptera,male,non-genital,testicle,size ,temperature,plasticity,Vasudeva; R. and Deeming; D. C. and Eady; P. E.,Developmental temperature affects the expression of ejaculatory traits and the outcome of sperm competition in Callosobruchus maculatus,2014,JOURNAL OF EVOLUTIONARY BIOLOGY,10.1111/jeb.12431
371,163,Apis mellifera,Hymenoptera,female,non-genital,ovary ,developmental rate,caste,plasticity,Malka; Osnat and Shnieor; Shiri and Hefetz; Abraham and Katzav-Gozansky; Tamar,Reversible royalty in worker honeybees (<i>Apis mellifera</i>) under the queen influence,2007,BEHAVIORAL ECOLOGY AND SOCIOBIOLOGY,10.1007/s00265-006-0274-1
376,164,Gryllus firmus,Orthoptera,male,non-genital,testicle,mass,social environment,robustness,Kelly; Clint D. and L'Heureux; Valerie and Wey; Tina W. and Reale; Denis,Effect of rearing density on the expression of fitness-related traits in male sand field crickets (<i>Gryllus firmus</i>),2023,EVOLUTIONARY ECOLOGY,10.1007/s10682-023-10251-7
378,165,Colaphellus bowringi,Coleoptera,female,non-genital,ovary ,size ,photoperiod ,plasticity,Guo; Shuang and Wu; Qing-Wen and Tian; Zhong and Zhu; Li and King-Jones; Kirst and Zhu; Fen and Wang; Xiao-Ping and Liu; Wen,<i>Kruppel homolog</i> 1 regulates photoperiodic reproductive plasticity in the cabbage beetle <i>Colaphellus bowringi</i>,2021,INSECT BIOCHEMISTRY AND MOLECULAR BIOLOGY,10.1016/j.ibmb.2021.103582
380,166,Drosophila melanogaster,Diptera,female,non-genital,ovary ,size ,seasonality,robustness,Dev; Kapil and Chahal; Jyoti and Parkash; Ravi and Kataria; Sudhir Kumar,Correlated Changes in Body Melanisation and Mating Traits of <i>Drosophila melanogaster</i>: A Seasonal Analysis,2013,EVOLUTIONARY BIOLOGY,10.1007/s11692-012-9220-5
387,167,Myrmecina nipponica,Hymenoptera,female,non-genital,ovary ,size ,caste,plasticity,Murakami; T and Ohkawara; K and Higashi; S,Morphology and developmental plasticity of reproductive females in <i>Myrmecina nipponica</i> (Hymenoptera: Formicidae),2002,ANNALS OF THE ENTOMOLOGICAL SOCIETY OF AMERICA,10.1603/0013-8746(2002)095{[}0577:MADPOR]2.0.CO;2
388,168,Bombus terrestris,Hymenoptera,female,non-genital,ovary ,size ,caste,plasticity,Li; Beibei and Hou; Li and Zhu; Dan and Xu; Xilian and An; Shiheng and Wang; Xianhui,Identification and caste-dependent expression patterns of DNA methylation associated genes in <i>Bombus terrestris</i>,2018,SCIENTIFIC REPORTS,10.1038/s41598-018-20831-1
388,169,Bombus terrestris,Hymenoptera,male,non-genital,testicle,size ,caste,plasticity,Li; Beibei and Hou; Li and Zhu; Dan and Xu; Xilian and An; Shiheng and Wang; Xianhui,Identification and caste-dependent expression patterns of DNA methylation associated genes in <i>Bombus terrestris</i>,2018,SCIENTIFIC REPORTS,10.1038/s41598-018-20831-1
390,170,Apis mellifera,Hymenoptera,female,non-genital,ovary ,size ,diet,plasticity,Walton; Alexander and Dolezal; Adam G. and Bakken; Marit A. and Toth; Amy L.,Hungry for the queen: Honeybee nutritional environment affects worker pheromone response in a life stage-dependent manner,2018,FUNCTIONAL ECOLOGY,10.1111/1365-2435.13222
397,171,Naliphoeta cinerea,Blattodea,female,non-genital,ovary ,size ,diet,plasticity,Barrett; Emma L. B. and Preziosi; Richard F. and Moore; Allen J. and Moore; Patricia J.,Effects of mating delay and nutritional signals on resource recycling in a cyclically breeding cockroach,2008,JOURNAL OF INSECT PHYSIOLOGY,10.1016/j.jinsphys.2007.07.008
402,172,Scathophaga stercoraria,Diptera,female,genital,spermatheca,number ,diet,plasticity,Schaefer; Martin A. and Berger; David and Jochmann; Ralf and Blanckenhorn; Wolf U. and Bussiere; Luc F.,The developmental plasticity and functional significance of an additional sperm storage compartment in female yellow dung flies,2013,FUNCTIONAL ECOLOGY,10.1111/1365-2435.12134
403,173,Onthophagus taurus,Coleoptera,male,non-genital,testicle,size,social environment,robustness,Simmons; Leigh W. and Buzatto; Bruno A.,Contrasting responses of pre-and post-copulatory traits to variation in mating competition,2014,FUNCTIONAL ECOLOGY,10.1111/1365-2435.12211
406,174,Drosophila ananassae,Diptera,female,non-genital,ovary ,size,diet,plasticity,Sisodia; Seema and Singh; Bashisth N.,Experimental Evidence for Nutrition Regulated Stress Resistance in <i>Drosophila ananassae</i>,2012,PLOS ONE,10.1371/journal.pone.0046131
410,175,Reticulitermes labralis,Blattodea,female,non-genital,ovary ,size ,caste,plasticity,Su; Xiaohong and Yang; Xiaojuan and Li; Jing and Xing; Lianxi and Liu; He and Chen; Jiaoling,The transition path from female workers to neotenic reproductives in the termite <i>Reticulitermes labralis</i>,2017,EVOLUTION \& DEVELOPMENT,10.1111/ede.12229
414,176,Onthophagus taurus,Coleoptera,male,genital,aedeagus ,size ,trade-off with other traits,plasticity,Pizzo; Astrid and Macagno; Anna L. M. and Dusini; Serena and Palestrini; Claudia,"Trade-off between horns and other functional traits in two Onthophagus species (Scarabaeidae, Coleoptera)",2012,ZOOMORPHOLOGY,10.1007/s00435-012-0148-1
414,177,Onthophagus fracticornis,Coleoptera,male,genital,aedeagus ,size ,trade-off with other traits,plasticity,Pizzo; Astrid and Macagno; Anna L. M. and Dusini; Serena and Palestrini; Claudia,"Trade-off between horns and other functional traits in two Onthophagus species (Scarabaeidae, Coleoptera)",2012,ZOOMORPHOLOGY,10.1007/s00435-012-0148-1
422,178,Drosophila suzukii,Diptera,female,non-genital,ovary ,size ,temperature,plasticity,Everman; E. R. and Freda; P. J. and Brown; M. and Schieferecke; A. J. and Ragland; G. J. and Morgan; T. J.,"Ovary Development and Cold Tolerance of the Invasive Pest <i>Drosophila suzukii</i> (Matsumura) in the Central Plains of Kansas, United States",2018,ENVIRONMENTAL ENTOMOLOGY,10.1093/ee/nvy074
422,179,Drosophila suzukii,Diptera,female,non-genital,ovary ,developmental rate,temperature,plasticity,Everman; E. R. and Freda; P. J. and Brown; M. and Schieferecke; A. J. and Ragland; G. J. and Morgan; T. J.,"Ovary Development and Cold Tolerance of the Invasive Pest <i>Drosophila suzukii</i> (Matsumura) in the Central Plains of Kansas, United States",2018,ENVIRONMENTAL ENTOMOLOGY,10.1093/ee/nvy074
422,180,Drosophila suzukii,Diptera,female,non-genital,ovary ,size ,photoperiod ,plasticity,Everman; E. R. and Freda; P. J. and Brown; M. and Schieferecke; A. J. and Ragland; G. J. and Morgan; T. J.,"Ovary Development and Cold Tolerance of the Invasive Pest <i>Drosophila suzukii</i> (Matsumura) in the Central Plains of Kansas, United States",2018,ENVIRONMENTAL ENTOMOLOGY,10.1093/ee/nvy074
422,181,Drosophila suzukii,Diptera,female,non-genital,ovary ,developmental rate,photoperiod ,plasticity,Everman; E. R. and Freda; P. J. and Brown; M. and Schieferecke; A. J. and Ragland; G. J. and Morgan; T. J.,"Ovary Development and Cold Tolerance of the Invasive Pest <i>Drosophila suzukii</i> (Matsumura) in the Central Plains of Kansas, United States",2018,ENVIRONMENTAL ENTOMOLOGY,10.1093/ee/nvy074
424,182,Bombus terrestris,Hymenoptera,female,non-genital,ovary ,size ,nursery colony,plasticity,Alaux; Cedric and Hefetz; Abraham and Jaisson; Pierre,Plasticity of worker reproductive strategies in <i>Bombus terrestris</i>:: lessons from artificial mixed-species colonies,2006,ANIMAL BEHAVIOUR,10.1016/j.anbehav.2006.05.008
427,183,Mischocyttarus mastigophorus,Hymenoptera,female,non-genital,ovary ,developmental rate,diet,plasticity,O'Donnell; Sean and Fiocca; Katherine and Campbell; Meghan and Bulova; Susan and Zelanko; Paula and Velinsky; David,"Adult nutrition and reproductive physiology: a stable isotope analysis in a eusocial paper wasp (<i>Mischocyttarus mastigophorus</i>, Hymenoptera: Vespidae)",2018,BEHAVIORAL ECOLOGY AND SOCIOBIOLOGY,10.1007/s00265-018-2501-y
429,184,Apis mellifera,Hymenoptera,female,non-genital,ovary ,developmental rate,caste,plasticity,Kucharski; R. and Maleszka; J. and Foret; S. and Maleszka; R.,Nutritional control of reproductive status in honeybees via DNA methylation,2008,SCIENCE,10.1126/science.1153069
433,185,Drosophila melanogaster,Diptera,female,non-genital,ovary ,size ,temperature,plasticity,Delpuech; JM and Moreteau; B and Chiche; J and Pla; E and Vouidibio; J and David; JR,Phenotypic plasticity and reaction norms in temperate and tropical populations of drosophila-melanogaster - ovarian size and developmental temperature,1995,EVOLUTION,10.1111/j.1558-5646.1995.tb02303.x
434,186,Hodotermopsis sjostedti,Blattodea,female,non-genital,ovary ,size ,caste,plasticity,Oguchi; Kohei and Koshikawa; Shigeyuki and Miura; Toru,Hormone-related genes heterochronically and modularly regulate neotenic differentiation in termites,2022,DEVELOPMENTAL BIOLOGY,10.1016/j.ydbio.2022.02.012
440,187,Apis mellifera,Hymenoptera,female,non-genital,ovary ,size ,caste,plasticity,Kuszewska; Karolina and Woyciechowski; Michal,Age at Which Larvae Are Orphaned Determines Their Development into Typical or Rebel Workers in the Honeybee (<i>Apis mellifera</i> L.),2015,PLOS ONE,10.1371/journal.pone.0123404
459,188,Apis mellifera,Hymenoptera,female,non-genital,ovary ,developmental rate,caste,plasticity,Katzav-Gozansky; T and Boulay; R and Soroker; V and Hefetz; A,Queen-signal modulation of worker pheromonal composition in honeybees,2004,PROCEEDINGS OF THE ROYAL SOCIETY B-BIOLOGICAL SCIENCES,10.1098/rspb.2004.2839
463,189,Callosobruchus maculatus,Coleoptera,female,genital,copulatory tract,thickness ,social environment,robustness,Wyber; Blake W. and Dougherty; Liam R. and McNamara; Kathryn and Mehnert; Andrew and Shaw; Jeremy and Tomkins; Joseph L. and Simmons; Leigh W.,Quantifying variation in female internal genitalia: no evidence for plasticity in response to sexual conflict risk in a seed beetle,2021,PROCEEDINGS OF THE ROYAL SOCIETY B-BIOLOGICAL SCIENCES,10.1098/rspb.2021.0746
464,190,Onthophagus taurus,Coleoptera,male,genital,aedeagus ,size ,diet,robustness,Casasa; Sofia and Moczek; Armin P.,Insulin signalling's role in mediating tissue-specific nutritional plasticity and robustness in the horn-polyphenic beetle <i>Onthophagus taurus</i>,2018,PROCEEDINGS OF THE ROYAL SOCIETY B-BIOLOGICAL SCIENCES,10.1098/rspb.2018.1631
469,191,Apis mellifera,Hymenoptera,female,non-genital,ovary ,size ,caste,plasticity,Macedo; L. M. F. and Nunes; F. M. F. and Freitas; F. C. P. and Pires; C. V. and Tanaka; E. D. and Martins; J. R. and Piulachs; M. -D. and Cristino; A. S. and Pinheiro; D. G. and Simoes; Z. L. P.,MicroRNA signatures characterizing caste-independent ovarian activity in queen and worker honeybees (<i>Apis mellifera</i> L.),2016,INSECT MOLECULAR BIOLOGY,10.1111/imb.12214
471,192,Apis mellifera,Hymenoptera,female,non-genital,ovary ,developmental rate,caste,plasticity,Katzav-Gozansky; Tamar and Boulay; Raphael and Soroker; Victoria and Hefetz; Abraham,Queen pheromones affecting the production of queen-like secretion in workers,2006,JOURNAL OF COMPARATIVE PHYSIOLOGY A-NEUROETHOLOGY SENSORY NEURAL AND BEHAVIORAL PHYSIOLOGY,10.1007/s00359-006-0110-0
473,193,Romalea microptera,Orthoptera,female,non-genital,ovary ,size ,diet,plasticity,Taylor; Benjamin J. and Whitman; Douglas W.,A test of three hypotheses for ovariole number determination in the grasshopper <i>Romalea microptera</i>,2010,PHYSIOLOGICAL ENTOMOLOGY,10.1111/j.1365-3032.2010.00732.x
484,194,Drosophila melanogaster,Diptera,female,non-genital,ovary ,size ,temperature,plasticity,Klepsatel; Peter and Galikova; Martina and De Maio; Nicola and Huber; Christian D. and Schloetterer; Christian and Flatt; Thomas,Variation in thermal performance and reaction norms among populations of <i>drosophila melanogaster</i>,2013,EVOLUTION,10.1111/evo.12221
486,195,Drosophila melanogaster,Diptera,male,genital,genital arch,size ,diet,robustness,Shingleton; Alexander W. and Estep; Chad M. and Driscoll; Michael V. and Dworkin; Ian,Many ways to be small: different environmental regulators of size generate distinct scaling relationships in <i>Drosophila melanogaster</i>,2009,PROCEEDINGS OF THE ROYAL SOCIETY B-BIOLOGICAL SCIENCES,10.1098/rspb.2008.1796
486,196,Drosophila melanogaster,Diptera,male,genital,genital arch,size ,temperature,robustness,Shingleton; Alexander W. and Estep; Chad M. and Driscoll; Michael V. and Dworkin; Ian,Many ways to be small: different environmental regulators of size generate distinct scaling relationships in <i>Drosophila melanogaster</i>,2009,PROCEEDINGS OF THE ROYAL SOCIETY B-BIOLOGICAL SCIENCES,10.1098/rspb.2008.1796
486,197,Drosophila melanogaster,Diptera,male,genital,genital arch,size ,social environment,robustness,Shingleton; Alexander W. and Estep; Chad M. and Driscoll; Michael V. and Dworkin; Ian,Many ways to be small: different environmental regulators of size generate distinct scaling relationships in <i>Drosophila melanogaster</i>,2009,PROCEEDINGS OF THE ROYAL SOCIETY B-BIOLOGICAL SCIENCES,10.1098/rspb.2008.1796
489,198,Coccinella septempunctata,Coleoptera,female,non-genital,ovary ,developmental rate,temperature,plasticity,Phoofolo; MW and Obrycki; JJ and Krafsur; ES,"Temperature-dependent ovarian development in coccinella-septempunctata (coleoptera, coccinellidae)",1995,ANNALS OF THE ENTOMOLOGICAL SOCIETY OF AMERICA,10.1093/aesa/88.1.72
491,199,Drosophila buzzatii,Diptera,female,non-genital,ovary ,size ,host identity,plasticity,Peluso; Daniela and Soto; Eduardo M. and Kreiman; Lucas and Hasson; Esteban and Mensch; Julian,Contrasting Plasticity in Ovariole Number Induced by A Dietary Effect of the Host Plants between Cactophilic <i>Drosophila</i> Species,2016,INSECTS,10.3390/insects7020021
494,200,Drosophila ananassae,Diptera,female,non-genital,ovary ,size ,temperature,plasticity,Vishalakshi; C. and Singh; B. N.,Effect of developmental temperature stress on fluctuating asymmetry in certain morphological traits in <i>Drosophila ananassae</i>,2008,JOURNAL OF THERMAL BIOLOGY,10.1016/j.jtherbio.2007.09.004
495,201,Drosophila melanogaster,Diptera,female,non-genital,oviduct,structural changes,mating ,plasticity,Kapelnikov; Anat and Rivlin; Patricia K. and Hoy; Ronald R. and Heifetz; Yael,Tissue remodeling: a mating-induced differentiation program for the <i>Drosophila</i> oviduct,2008,BMC DEVELOPMENTAL BIOLOGY,10.1186/1471-213X-8-114
499,202,Allonemobius socius,Orthoptera,female,genital,ovipositor ,size,temperature,plasticity,Mousseau; TA and Roff; DA,Genetic and environmental contributions to geographic-variation in the ovipositor length of a cricket,1995,ECOLOGY,10.2307/1938149
499,203,Allonemobius socius,Orthoptera,female,genital,ovipositor ,size,photoperiod ,plasticity,Mousseau; TA and Roff; DA,Genetic and environmental contributions to geographic-variation in the ovipositor length of a cricket,1995,ECOLOGY,10.2307/1938149
501,204,Romalea microptera,Orthoptera,female,non-genital,ovary ,mass,diet,plasticity,Hatle; JD and Waskey; T and Juliano; SA,Plasticity of grasshopper vitellogenin production in response to diet is primarily a result of changes in fat body mass,2006,JOURNAL OF COMPARATIVE PHYSIOLOGY B-BIOCHEMICAL SYSTEMS AND ENVIRONMENTAL PHYSIOLOGY,10.1007/s00360-005-0028-9
502,205,Gryllus lineaticeps,Orthoptera,female,non-genital,ovary ,mass,temperature,plasticity,Stahlschmidt; Z. R. and Choi; J. and Choy; B. and Perez; P. L. and Whitlock; J.,A simulated heat wave-but not herbicide exposure-alters resource investment strategy in an insect,2023,JOURNAL OF THERMAL BIOLOGY,10.1016/j.jtherbio.2023.103670
503,206,Gryllus firmus,Orthoptera,female,non-genital,ovary ,mass,diet,plasticity,King; Elizabeth G. and Roff; Derek A. and Fairbairn; Daphne J.,"The evolutionary genetics of acquisition and allocation in the wing dimorphic cricket, <i>gryllus firmus</i>",2011,EVOLUTION,10.1111/j.1558-5646.2011.01296.x
507,207,Drosophila melanogaster,Diptera,female,non-genital,ovary ,size ,diet,plasticity,Mendes; Claudia C. and Mirth; Christen K.,Stage-Specific Plasticity in Ovary Size Is Regulated by Insulin/Insulin-Like Growth Factor and Ecdysone Signaling in <i>Drosophila</i>,2016,GENETICS,10.1534/genetics.115.179960
526,208,Drosophila melanogaster,Diptera,female,non-genital,ovary ,size ,diet,plasticity,Rodrigues; Marisa A. and Martins; Nelson E. and Balance; Lara F. and Broom; Lara N. and Dias; Antonio J. S. and Fernandes; Ana Sofia D. and Rodrigues; Fabio and Sucena; Elio and Mirth; Christen K.,<i>Drosophila melanogaster</i> larvae make nutritional choices that minimize developmental time,2015,JOURNAL OF INSECT PHYSIOLOGY,10.1016/j.jinsphys.2015.07.002
538,209,Digitonthophagus gazella,Coleoptera,male,genital,aedeagus ,size ,diet,robustness,Rohner; Patrick T. and Casasa; Sofia and Moczek; Armin P.,Assessing the evolutionary lability of insulin signalling in the regulation of nutritional plasticity across traits and species of horned dung beetles,2023,JOURNAL OF EVOLUTIONARY BIOLOGY,10.1111/jeb.14240
541,210,Nebria salina,Coleoptera,female,non-genital,ovary ,developmental rate,photoperiod ,plasticity,Telfer; G and Butterfield; JEL,The control of reproductive diapause in <i>Nebria salina</i> (Coleoptera: Carabidae),2004,ECOLOGICAL ENTOMOLOGY,10.1111/j.0307-6946.2004.00620.x
569,211,Reticulitermes speratus,Blattodea,female,non-genital,ovary ,size ,caste,plasticity,Saiki; R. and Gotoh; H. and Toga; K. and Miura; T. and Maekawa; K.,High juvenile hormone titre and abdominal activation of JH signalling may induce reproduction of termite neotenics,2015,INSECT MOLECULAR BIOLOGY,10.1111/imb.12169
578,212,Sitobion avenae,Hemiptera,female,non-genital,ovary ,size ,host identity,robustness,Caillaud; CM and Dedryver; CA and Simon; JC,Development and reproductive potential of the cereal aphid sitobion-avenae on resistant wheat lines (triticum-monococcum),1994,ANNALS OF APPLIED BIOLOGY,10.1111/j.1744-7348.1994.tb04964.x
587,213,Gryllus firmus,Orthoptera,female,non-genital,ovary ,mass,social environment,plasticity,Conroy; Lauren P. and Roff; Derek A.,Adult social environment alters female reproductive investment in the cricket <i>Gryllus firmus</i>,2018,BEHAVIORAL ECOLOGY,10.1093/beheco/arx193